{
  "hist": 7.99335306591543,
  "hist_greyscale": 7.9935968838844556,
  "naive": 7956.70102513387,
  "dft": 8010.795333160505,
  "dwt": 19.82051713700092,
  "laplace": 7922.331464162656,
  "joint_red_green": 15.897623197587304,
  "joint_all": 23.97951700187759,
  "lbp": 2.907708075111297,
  "lbp_gabor": 7.054282507080323,
  "adapt": 18.87324052888506,
  "GLCM": 61.59252426166799,
  "RGBCM_each_channel": 190.7745106267621,
  "RGBCM_to_gray": 61.59252426166799,
  "naive_hsb": 7908.855370022447,
  "lgb": 18.927144628132663,
  "lbb": null,
  "RGBCM": 15.977413701674003,
  "histogram": 18.927144628132663
}